Workbook

Sheet Master
A1: ตารางสต็อกสินค้าคงคลังรวม 3 คลัง (Master)
A2: รหัสสินค้า (SKU) | B2: ชื่อสินค้า | C2: หมวดหมู่ | D2: หน่วย | E2: ต้นทุน/หน่วย (บาท) | F2: จุดสั่งซื้อ (ROP) | G2: คงเหลือ-กรุงเทพ | H2: คงเหลือ-เชียงใหม่ | I2: คงเหลือ-ขอนแก่น | J2: รวมคงเหลือ | K2: มูลค่าคงเหลือ (บาท) | L2: สถานะ
A3: SKU-1001 | B3: น็อตสกรูหัวกลม M6 | C3: อะไหล่ | D3: กล่อง | E3: 85 | F3: 50 | G3: 40 | H3: 20 | I3: 15 | J3: =SUM(G3:I3) -> 75 | K3: =J3*E3 -> 6375 | L3: =IF(J3<=F3,"⚠️ ต้องสั่งเพิ่ม","✅ ปกติ") -> ✅ ปกติ
A4: SKU-1002 | B4: สายไฟ THW 2.5 sq.mm | C4: ไฟฟ้า | D4: ม้วน | E4: 420 | F4: 20 | G4: 8 | H4: 6 | I4: 0 | J4: =SUM(G4:I4) -> 14 | K4: =J4*E4 -> 5880 | L4: =IF(J4<=F4,"⚠️ ต้องสั่งเพิ่ม","✅ ปกติ") -> ⚠️ ต้องสั่งเพิ่ม
A5: SKU-1003 | B5: หลอด LED 9W | C5: ไฟฟ้า | D5: หลอด | E5: 65 | F5: 100 | G5: 60 | H5: 35 | I5: 25 | J5: =SUM(G5:I5) -> 120 | K5: =J5*E5 -> 7800 | L5: =IF(J5<=F5,"⚠️ ต้องสั่งเพิ่ม","✅ ปกติ") -> ✅ ปกติ
A6: SKU-1004 | B6: สีน้ำอะคริลิก ขาว 1 gl | C6: สี | D6: แกลลอน | E6: 350 | F6: 30 | G6: 22 | H6: 10 | I6: 9 | J6: =SUM(G6:I6) -> 41 | K6: =J6*E6 -> 14350 | L6: =IF(J6<=F6,"⚠️ ต้องสั่งเพิ่ม","✅ ปกติ") -> ✅ ปกติ
A7: SKU-1005 | B7: เทปพันสายไฟ | C7: ไฟฟ้า | D7: ม้วน | E7: 12 | F7: 200 | G7: 90 | H7: 70 | I7: 60 | J7: =SUM(G7:I7) -> 220 | K7: =J7*E7 -> 2640 | L7: =IF(J7<=F7,"⚠️ ต้องสั่งเพิ่ม","✅ ปกติ") -> ✅ ปกติ
A8: SKU-1006 | B8: ท่อ PVC 4 นิ้ว | C8: ประปา | D8: เส้น | E8: 180 | F8: 40 | G8: 15 | H8: 18 | I8: 12 | J8: =SUM(G8:I8) -> 45 | K8: =J8*E8 -> 8100 | L8: =IF(J8<=F8,"⚠️ ต้องสั่งเพิ่ม","✅ ปกติ") -> ✅ ปกติ
A9: SKU-1007 | B9: กาวตะปู | C9: เคมีภัณฑ์ | D9: หลอด | E9: 95 | F9: 60 | G9: 30 | H9: 25 | I9: 20 | J9: =SUM(G9:I9) -> 75 | K9: =J9*E9 -> 7125 | L9: =IF(J9<=F9,"⚠️ ต้องสั่งเพิ่ม","✅ ปกติ") -> ✅ ปกติ
A10: SKU-1008 | B10: ปูนซีเมนต์ 50 kg | C10: วัสดุก่อสร้าง | D10: ถุง | E10: 155 | F10: 80 | G10: 45 | H10: 30 | I10: 28 | J10: =SUM(G10:I10) -> 103 | K10: =J10*E10 -> 15965 | L10: =IF(J10<=F10,"⚠️ ต้องสั่งเพิ่ม","✅ ปกติ") -> ✅ ปกติ
A11: SKU-1009 | B11: แผ่นสังกะสี ลอนใหญ่ | C11: หลังคา | D11: แผ่น | E11: 240 | F11: 35 | G11: 12 | H11: 0 | I11: 10 | J11: =SUM(G11:I11) -> 22 | K11: =J11*E11 -> 5280 | L11: =IF(J11<=F11,"⚠️ ต้องสั่งเพิ่ม","✅ ปกติ") -> ⚠️ ต้องสั่งเพิ่ม
A12: SKU-1010 | B12: ประแจเลื่อน 10 นิ้ว | C12: เครื่องมือ | D12: อัน | E12: 210 | F12: 25 | G12: 9 | H12: 8 | I12: 0 | J12: =SUM(G12:I12) -> 17 | K12: =J12*E12 -> 3570 | L12: =IF(J12<=F12,"⚠️ ต้องสั่งเพิ่ม","✅ ปกติ") -> ⚠️ ต้องสั่งเพิ่ม
A13: SKU-1011 | B13: ถุงมือหนัง | C13: อุปกรณ์เซฟตี้ | D13: คู่ | E13: 45 | F13: 120 | G13: 55 | H13: 40 | I13: 35 | J13: =SUM(G13:I13) -> 130 | K13: =J13*E13 -> 5850 | L13: =IF(J13<=F13,"⚠️ ต้องสั่งเพิ่ม","✅ ปกติ") -> ✅ ปกติ
A14: SKU-1012 | B14: สว่านไฟฟ้า 550W | C14: เครื่องมือ | D14: เครื่อง | E14: 1250 | F14: 10 | G14: 4 | H14: 0 | I14: 3 | J14: =SUM(G14:I14) -> 7 | K14: =J14*E14 -> 8750 | L14: =IF(J14<=F14,"⚠️ ต้องสั่งเพิ่ม","✅ ปกติ") -> ⚠️ ต้องสั่งเพิ่ม
A16: หมายเหตุ: คอลัมน์ G–I (คงเหลือแต่ละคลัง) ให้เติมจากไฟล์ CSV เท่านั้น | คอลัมน์ J, K, L ผูกสูตรไว้แล้ว ห้ามแก้ | ROP = จุดสั่งซื้อ (Reorder Point)

Sheet Dashboard
A1: แดชบอร์ดสรุปสต็อกคงคลัง
A3: มูลค่าสต็อกรวมทั้งหมด (บาท) | B3: =SUM(Master!K3:K14) -> 91685
A4: จำนวนคงเหลือรวมทุกคลัง (หน่วย) | B4: =SUM(Master!J3:J14) -> 869
A5: จำนวน SKU ทั้งหมด | B5: =COUNTA(Master!A3:A14) -> 12
A6: จำนวน SKU ต่ำกว่าจุดสั่งซื้อ | B6: =SUMPRODUCT(--(Master!J3:J14<=Master!F3:F14)) -> 4
A7: มูลค่าเฉลี่ยต่อ SKU (บาท) | B7: =B3/B5 -> 7640.4167
A8: มูลค่าสต็อก-คลังกรุงเทพ (บาท) | B8: =SUMPRODUCT(Master!G3:G14,Master!E3:E14) -> 44210
A9: มูลค่าสต็อก-คลังเชียงใหม่ (บาท) | B9: =SUMPRODUCT(Master!H3:H14,Master!E3:E14) -> 24580
A10: มูลค่าสต็อก-คลังขอนแก่น (บาท) | B10: =SUMPRODUCT(Master!I3:I14,Master!E3:E14) -> 22895
